substation_id,matched_name,kapt_code,kapt_bjd_code,kakao_place_id,life_zone,dong,village,road_address,jibun_address,latitude,longitude,heating_type,kapt_complex_type,approval_date,household_count,building_count,gross_floor_area_m2,exclusive_residential_area_m2,exclusive_area_households_json,fee_year,fee_latest_month,fee_months_count,private_usage_cost_ytd_krw,private_usage_cost_latest_month_krw,private_usage_cost_latest_month_unit_krw_per_m2,total_mgmt_cost_ytd_krw,total_mgmt_cost_latest_month_krw,total_mgmt_cost_latest_month_unit_krw_per_m2,total_mgmt_cost_ytd_per_household_krw,predist_mapping_type,predist_mapping_note,predist_manufacturer,predist_source_file,predist_raw_file_path,predist_configuration_type,predist_configuration_ko,predist_sensor_groups,predist_sensor_groups_ko,predist_sensor_column_count,predist_raw_sampled_rows,predist_raw_sampled_columns,predist_has_outdoor_temperature_sensor,predist_has_space_heating_sensor,predist_has_dhw_sensor,predist_has_dhw_storage_sensor,predist_has_primary_heat_meter_sensor,predist_has_primary_supply_return_temp_sensor
1,도램마을10단지호반베르디움아파트,A33980017,3611011400,17645969,4,도담동,도램마을,세종특별자치시 보듬4로 20,세종특별자치시 도담동 853,36.51160559,127.26095746,지역난방,아파트,도램마을10단지 (A33980017),678,10,103177,57504.018,"{""60㎡ 이하"": ""0"", ""60㎡ ~ 85㎡ 이하"": ""678"", ""85㎡ ~ 135㎡ 이하"": ""0"", ""135㎡ 초과"": ""0""}",2026,05,5,715564000,101415000,1764.00,1239704000,200543000,3488.00,1828471.98,virtual_by_substation_id,가상 매핑: 세종 아파트와 PreDist 설비의 실제 물리 연결은 검증되지 않음.,manufacturer 1,substation_1.csv,../HeatGrid_Agent/best/data/raw_data/predist_v2/manufacturer 1/operational_data/substation_1.csv,SH + DHW,난방 + 급탕,outdoor_weather|space_heating_loop|domestic_hot_water|domestic_hot_water_storage,외기온|난방 회로|급탕|급탕 저장탱크,8,200,15,1,1,1,1,0,0
2,도램마을11단지반도유보라아파트,A10027058,3611011400,25755200,4,도담동,도램마을,세종특별자치시 보듬4로 9,세종특별자치시 도담동 653,36.51370267,127.26008591,지역난방,주상복합,도램마을11단지 (A10027058),580,8,94715,49289.8444,"{""60㎡ 이하"": ""0"", ""60㎡ ~ 85㎡ 이하"": ""580"", ""85㎡ ~ 135㎡ 이하"": ""0"", ""135㎡ 초과"": ""0""}",2026,05,5,573964000,77681000,1576.00,920670000,150749000,3058.00,1587362.07,virtual_by_substation_id,가상 매핑: 세종 아파트와 PreDist 설비의 실제 물리 연결은 검증되지 않음.,manufacturer 1,substation_2.csv,../HeatGrid_Agent/best/data/raw_data/predist_v2/manufacturer 1/operational_data/substation_2.csv,SH + DHW,난방 + 급탕,outdoor_weather|space_heating_loop,외기온|난방 회로,4,200,11,1,1,0,0,0,0
3,도램마을12단지엘가아파트,A33980019,3611011400,18090633,4,도담동,도램마을,세종특별자치시 보듬4로 19,세종특별자치시 도담동 651,36.51349154,127.2618513,지역난방,아파트,엘가도램마을12단지 (A33980019),190,4,33266,17817.226,"{""60㎡ 이하"": ""0"", ""60㎡ ~ 85㎡ 이하"": ""62"", ""85㎡ ~ 135㎡ 이하"": ""128"", ""135㎡ 초과"": ""0""}",2026,05,5,229689000,31838000,1787.00,368305000,59106000,3317.00,1938447.37,virtual_by_substation_id,가상 매핑: 세종 아파트와 PreDist 설비의 실제 물리 연결은 검증되지 않음.,manufacturer 1,substation_3.csv,../HeatGrid_Agent/best/data/raw_data/predist_v2/manufacturer 1/operational_data/substation_3.csv,SH + DHW,난방 + 급탕,outdoor_weather|space_heating_loop,외기온|난방 회로,6,200,13,1,1,0,0,0,0
4,도램마을13단지중흥S클래스그린카운티아파트,A33980023,3611011400,998061523,4,도담동,도램마을,세종특별자치시 보람로 95,세종특별자치시 도담동 632,36.51699185,127.2609253,지역난방,아파트,도램마을13단지아파트 (A33980023),965,15,123489,57044.238,"{""60㎡ 이하"": ""965"", ""60㎡ ~ 85㎡ 이하"": ""0"", ""85㎡ ~ 135㎡ 이하"": ""0"", ""135㎡ 초과"": ""0""}",2026,05,5,741015000,105837000,1855.00,1387408000,233812000,4098.00,1437728.50,virtual_by_substation_id,가상 매핑: 세종 아파트와 PreDist 설비의 실제 물리 연결은 검증되지 않음.,manufacturer 1,substation_4.csv,../HeatGrid_Agent/best/data/raw_data/predist_v2/manufacturer 1/operational_data/substation_4.csv,SH + DHW,난방 + 급탕,outdoor_weather|space_heating_loop|domestic_hot_water|domestic_hot_water_storage,외기온|난방 회로|급탕|급탕 저장탱크,9,200,16,1,1,1,1,0,0
5,도램마을14단지한림풀에버아파트,A10028070,3611011400,19148044,4,도담동,도램마을,세종특별자치시 보듬2로 42,세종특별자치시 도담동 858,36.51002656,127.26594658,지역난방,아파트,도램마을14단지 (A10028070),979,14,180274,99729.596,"{""60㎡ 이하"": ""0"", ""60㎡ ~ 85㎡ 이하"": ""0"", ""85㎡ ~ 135㎡ 이하"": ""974"", ""135㎡ 초과"": ""5""}",2026,05,5,1245346000,189173000,1897.00,1928767000,326788000,3277.00,1970139.94,virtual_by_substation_id,가상 매핑: 세종 아파트와 PreDist 설비의 실제 물리 연결은 검증되지 않음.,manufacturer 1,substation_5.csv,../HeatGrid_Agent/best/data/raw_data/predist_v2/manufacturer 1/operational_data/substation_5.csv,SH + DHW,난방 + 급탕,outdoor_weather|space_heating_loop|domestic_hot_water|domestic_hot_water_storage,외기온|난방 회로|급탕|급탕 저장탱크,8,200,15,1,1,1,1,0,0
6,도램마을15단지세종힐스테이트아파트,A33980024,3611011400,18038993,4,도담동,도램마을,세종특별자치시 보듬2로 43,세종특별자치시 도담동 859,36.51183082,127.26507084,지역난방,아파트,도램마을15단지(세종힐스테이트) (A33980024),876,9,137826,74375.537,"{""60㎡ 이하"": ""0"", ""60㎡ ~ 85㎡ 이하"": ""876"", ""85㎡ ~ 135㎡ 이하"": ""0"", ""135㎡ 초과"": ""0""}",2026,05,5,905668000,130577000,1756.00,1543998000,258020000,3470.00,1762554.79,virtual_by_substation_id,가상 매핑: 세종 아파트와 PreDist 설비의 실제 물리 연결은 검증되지 않음.,manufacturer 1,substation_6.csv,../HeatGrid_Agent/best/data/raw_data/predist_v2/manufacturer 1/operational_data/substation_6.csv,SH + DHW,난방 + 급탕,outdoor_weather|space_heating_loop|primary_heat_meter|primary_supply_return_temperature,외기온|난방 회로|1차측 열량계|1차측 공급/환수온도,10,200,11,1,1,0,0,1,1
7,도램마을16단지아파트,A10024586,3611011400,19148021,4,도담동,도램마을,세종특별자치시 보듬4로 55,세종특별자치시 도담동 641,36.51424502,127.26546981,지역난방,아파트,세종도램마을16~19단지 (A10024586),723,15,114155,83942.6336000000,"{""60㎡ 이하"": ""0"", ""60㎡ ~ 85㎡ 이하"": ""617"", ""85㎡ ~ 135㎡ 이하"": ""106"", ""135㎡ 초과"": ""0""}",2026,05,5,697138000,96692000,1534.00,1363744000,231966000,3681.00,1886229.60,virtual_by_substation_id,가상 매핑: 세종 아파트와 PreDist 설비의 실제 물리 연결은 검증되지 않음.,manufacturer 1,substation_7.csv,../HeatGrid_Agent/best/data/raw_data/predist_v2/manufacturer 1/operational_data/substation_7.csv,SH + DHW,난방 + 급탕,outdoor_weather|space_heating_loop|domestic_hot_water|domestic_hot_water_storage,외기온|난방 회로|급탕|급탕 저장탱크,11,200,18,1,1,1,1,0,0
8,도램마을17단지아파트,A10024586,3611011400,19148001,4,도담동,도램마을,세종특별자치시 보듬6로 52,세종특별자치시 도담동 639,36.51527785,127.26501561,지역난방,아파트,세종도램마을16~19단지 (A10024586),723,15,114155,83942.6336000000,"{""60㎡ 이하"": ""0"", ""60㎡ ~ 85㎡ 이하"": ""617"", ""85㎡ ~ 135㎡ 이하"": ""106"", ""135㎡ 초과"": ""0""}",2026,05,5,697138000,96692000,1534.00,1363744000,231966000,3681.00,1886229.60,virtual_by_substation_id,가상 매핑: 세종 아파트와 PreDist 설비의 실제 물리 연결은 검증되지 않음.,manufacturer 1,substation_8.csv,../HeatGrid_Agent/best/data/raw_data/predist_v2/manufacturer 1/operational_data/substation_8.csv,SH + DHW,난방 + 급탕,outdoor_weather|space_heating_loop|domestic_hot_water|domestic_hot_water_storage,외기온|난방 회로|급탕|급탕 저장탱크,9,200,16,1,1,1,1,0,0
9,도램마을18단지아파트,A10024586,3611011400,19148043,4,도담동,도램마을,세종특별자치시 보듬4로 85,세종특별자치시 도담동 636,36.51428608,127.26726174,지역난방,아파트,세종도램마을16~19단지 (A10024586),723,15,114155,83942.6336000000,"{""60㎡ 이하"": ""0"", ""60㎡ ~ 85㎡ 이하"": ""617"", ""85㎡ ~ 135㎡ 이하"": ""106"", ""135㎡ 초과"": ""0""}",2026,05,5,697138000,96692000,1534.00,1363744000,231966000,3681.00,1886229.60,virtual_by_substation_id,가상 매핑: 세종 아파트와 PreDist 설비의 실제 물리 연결은 검증되지 않음.,manufacturer 1,substation_9.csv,../HeatGrid_Agent/best/data/raw_data/predist_v2/manufacturer 1/operational_data/substation_9.csv,SH + DHW,난방 + 급탕,outdoor_weather|space_heating_loop|domestic_hot_water|domestic_hot_water_storage,외기온|난방 회로|급탕|급탕 저장탱크,8,200,15,1,1,1,1,0,0
10,도램마을19단지아파트,A10024586,3611011400,19148067,4,도담동,도램마을,세종특별자치시 보듬4로 111,세종특별자치시 도담동 638,36.51527721,127.26732209,지역난방,아파트,세종도램마을16~19단지 (A10024586),723,15,114155,83942.6336000000,"{""60㎡ 이하"": ""0"", ""60㎡ ~ 85㎡ 이하"": ""617"", ""85㎡ ~ 135㎡ 이하"": ""106"", ""135㎡ 초과"": ""0""}",2026,05,5,697138000,96692000,1534.00,1363744000,231966000,3681.00,1886229.60,virtual_by_substation_id,가상 매핑: 세종 아파트와 PreDist 설비의 실제 물리 연결은 검증되지 않음.,manufacturer 1,substation_10.csv,../HeatGrid_Agent/best/data/raw_data/predist_v2/manufacturer 1/operational_data/substation_10.csv,SH + DHW,난방 + 급탕,outdoor_weather|space_heating_loop|domestic_hot_water|domestic_hot_water_storage|primary_heat_meter|primary_supply_return_temperature,외기온|난방 회로|급탕|급탕 저장탱크|1차측 열량계|1차측 공급/환수온도,15,200,16,1,1,1,1,1,1
11,가락마을10단지이지더원아파트,A10027915,3611011200,22670539,1,고운동,가락마을,세종특별자치시 마음로 181,세종특별자치시 고운동 1400,36.51386332,127.22779744,지역난방,아파트,가락마을10단지 (A10027915),900,17,158684,78883.215,"{""60㎡ 이하"": ""0"", ""60㎡ ~ 85㎡ 이하"": ""618"", ""85㎡ ~ 135㎡ 이하"": ""282"", ""135㎡ 초과"": ""0""}",2026,05,5,949306000,136478000,1730.00,1551978000,256463000,3251.00,1724420.00,virtual_by_substation_id,가상 매핑: 세종 아파트와 PreDist 설비의 실제 물리 연결은 검증되지 않음.,manufacturer 1,substation_11.csv,../HeatGrid_Agent/best/data/raw_data/predist_v2/manufacturer 1/operational_data/substation_11.csv,SH + DHW,난방 + 급탕,outdoor_weather|space_heating_loop|domestic_hot_water|domestic_hot_water_storage,외기온|난방 회로|급탕|급탕 저장탱크,8,200,15,1,1,1,1,0,0
12,가락마을11단지중흥S클래스에듀카운티아파트,A10027642,3611011200,20671226,1,고운동,가락마을,세종특별자치시 마음로 152,세종특별자치시 고운동 1409,36.51169979,127.23100283,지역난방,아파트,가락마을11단지 (A10027642),607,9,89088,41878.1154,"{""60㎡ 이하"": ""323"", ""60㎡ ~ 85㎡ 이하"": ""284"", ""85㎡ ~ 135㎡ 이하"": ""0"", ""135㎡ 초과"": ""0""}",2026,04,4,480601000,89791000,2144.00,764575000,164134000,3919.00,1259596.38,virtual_by_substation_id,가상 매핑: 세종 아파트와 PreDist 설비의 실제 물리 연결은 검증되지 않음.,manufacturer 1,substation_12.csv,../HeatGrid_Agent/best/data/raw_data/predist_v2/manufacturer 1/operational_data/substation_12.csv,SH + DHW,난방 + 급탕,outdoor_weather|space_heating_loop|domestic_hot_water|domestic_hot_water_storage,외기온|난방 회로|급탕|급탕 저장탱크,9,200,16,1,1,1,1,0,0
13,가락마을13단지대광로제비앙아파트,A10027779,3611011200,20671232,1,고운동,가락마을,세종특별자치시 마음로 182,세종특별자치시 고운동 1401,36.51378613,127.23045419,지역난방,아파트,가락마을13단지 (A10027779),490,8,71090,35956.13,"{""60㎡ 이하"": ""220"", ""60㎡ ~ 85㎡ 이하"": ""270"", ""85㎡ ~ 135㎡ 이하"": ""0"", ""135㎡ 초과"": ""0""}",2026,05,5,467752000,61044000,1698.00,779000000,123745000,3441.00,1589795.92,virtual_by_substation_id,가상 매핑: 세종 아파트와 PreDist 설비의 실제 물리 연결은 검증되지 않음.,manufacturer 1,substation_13.csv,../HeatGrid_Agent/best/data/raw_data/predist_v2/manufacturer 1/operational_data/substation_13.csv,SH + DHW,난방 + 급탕,outdoor_weather|space_heating_loop|domestic_hot_water|domestic_hot_water_storage,외기온|난방 회로|급탕|급탕 저장탱크,9,200,16,1,1,1,1,0,0
14,가락마을14단지우남퍼스트빌아파트,A10025026,3611011200,1128866099,1,고운동,가락마을,세종특별자치시 마음안로 131,세종특별자치시 고운동 1403,36.51379014,127.23210197,지역난방,아파트,가락마을 14단지 (A10025026),290,6,58470,32344.0146,"{""60㎡ 이하"": ""0"", ""60㎡ ~ 85㎡ 이하"": ""0"", ""85㎡ ~ 135㎡ 이하"": ""290"", ""135㎡ 초과"": ""0""}",2026,05,5,315108000,45552000,1408.00,561442000,94757000,2929.00,1936006.90,virtual_by_substation_id,가상 매핑: 세종 아파트와 PreDist 설비의 실제 물리 연결은 검증되지 않음.,manufacturer 1,substation_14.csv,../HeatGrid_Agent/best/data/raw_data/predist_v2/manufacturer 1/operational_data/substation_14.csv,SH + DHW,난방 + 급탕,outdoor_weather|space_heating_loop|domestic_hot_water|domestic_hot_water_storage,외기온|난방 회로|급탕|급탕 저장탱크,9,200,16,1,1,1,1,0,0
15,가락마을15단지아파트,A10027878,3611011200,20671227,1,고운동,가락마을,세종특별자치시 마음안로 190,세종특별자치시 고운동 1393,36.51670115,127.23699947,지역난방,아파트,가락마을15단지 (A10027878),365,7,53161,26365.634,"{""60㎡ 이하"": ""140"", ""60㎡ ~ 85㎡ 이하"": ""225"", ""85㎡ ~ 135㎡ 이하"": ""0"", ""135㎡ 초과"": ""0""}",2026,05,5,327693000,47657000,1808.00,588025000,99931000,3790.00,1611027.40,virtual_by_substation_id,가상 매핑: 세종 아파트와 PreDist 설비의 실제 물리 연결은 검증되지 않음.,manufacturer 1,substation_15.csv,../HeatGrid_Agent/best/data/raw_data/predist_v2/manufacturer 1/operational_data/substation_15.csv,SH + DHW with sub-circuits,난방 + 급탕 + 보조회로,outdoor_weather|space_heating_loop|domestic_hot_water|domestic_hot_water_storage,외기온|난방 회로|급탕|급탕 저장탱크,10,200,25,1,1,1,1,0,0
16,가락마을16단지한양수자인에듀그린아파트,A10028038,3611011200,19149381,1,고운동,가락마을,세종특별자치시 만남로 187,세종특별자치시 고운동 1395,36.5161176,127.23860978,지역난방,아파트,가락마을16단지(에듀그린) (A10028038),463,6,64240,35035.787,"{""60㎡ 이하"": ""171"", ""60㎡ ~ 85㎡ 이하"": ""292"", ""85㎡ ~ 135㎡ 이하"": ""0"", ""135㎡ 초과"": ""0""}",2026,05,5,447274000,61339000,1751.00,804027000,132931000,3794.00,1736559.40,virtual_by_substation_id,가상 매핑: 세종 아파트와 PreDist 설비의 실제 물리 연결은 검증되지 않음.,manufacturer 1,substation_16.csv,../HeatGrid_Agent/best/data/raw_data/predist_v2/manufacturer 1/operational_data/substation_16.csv,SH + DHW,난방 + 급탕,outdoor_weather|space_heating_loop,외기온|난방 회로,5,200,12,1,1,0,0,0,0
17,가락마을17단지아파트,A10027889,3611011200,20671220,1,고운동,가락마을,세종특별자치시 마음안1로 167,세종특별자치시 고운동 1386,36.5180366,127.23657371,지역난방,아파트,가락마을17단지아파트 (A10027889),508,10,69513,30446.1802,"{""60㎡ 이하"": ""508"", ""60㎡ ~ 85㎡ 이하"": ""0"", ""85㎡ ~ 135㎡ 이하"": ""0"", ""135㎡ 초과"": ""0""}",2026,05,5,414087000,56570000,1858.00,747044000,123670000,4061.00,1470559.06,virtual_by_substation_id,가상 매핑: 세종 아파트와 PreDist 설비의 실제 물리 연결은 검증되지 않음.,manufacturer 1,substation_17.csv,../HeatGrid_Agent/best/data/raw_data/predist_v2/manufacturer 1/operational_data/substation_17.csv,SH + DHW,난방 + 급탕,outdoor_weather|space_heating_loop,외기온|난방 회로,6,200,13,1,1,0,0,0,0
18,가락마을18단지힐스테이트세종3차아파트,A10026235,3611011200,1804143472,1,고운동,가락마을,세종특별자치시 마음안1로 139,세종특별자치시 고운동 2112,36.52106828,127.23510472,지역난방,아파트,가락마을18단지아파트 (A10026235),667,14,94024,67541.9028,"{""60㎡ 이하"": ""0"", ""60㎡ ~ 85㎡ 이하"": ""0"", ""85㎡ ~ 135㎡ 이하"": ""667"", ""135㎡ 초과"": ""0""}",2026,04,4,605568000,108924000,1613.00,976409000,203093000,3008.00,1463881.56,virtual_by_substation_id,가상 매핑: 세종 아파트와 PreDist 설비의 실제 물리 연결은 검증되지 않음.,manufacturer 1,substation_18.csv,../HeatGrid_Agent/best/data/raw_data/predist_v2/manufacturer 1/operational_data/substation_18.csv,SH + DHW,난방 + 급탕,outdoor_weather|space_heating_loop|domestic_hot_water|domestic_hot_water_storage,외기온|난방 회로|급탕|급탕 저장탱크,10,200,17,1,1,1,1,0,0
19,가락마을19단지파라곤아파트,A10025727,3611011200,1977545292,1,고운동,가락마을,세종특별자치시 밝은뜰로 15,세종특별자치시 고운동 2111,36.52341914,127.23293351,지역난방,아파트,가락마을19단지 아파트 (A10025727),998,19,167706,83844.2739,"{""60㎡ 이하"": ""270"", ""60㎡ ~ 85㎡ 이하"": ""430"", ""85㎡ ~ 135㎡ 이하"": ""298"", ""135㎡ 초과"": ""0""}",2026,05,5,860033000,121486000,1449.00,1514831000,251983000,3006.00,1517866.73,virtual_by_substation_id,가상 매핑: 세종 아파트와 PreDist 설비의 실제 물리 연결은 검증되지 않음.,manufacturer 1,substation_19.csv,../HeatGrid_Agent/best/data/raw_data/predist_v2/manufacturer 1/operational_data/substation_19.csv,SH + DHW with sub-circuits,난방 + 급탕 + 보조회로,space_heating_loop|domestic_hot_water|domestic_hot_water_storage|primary_heat_meter|primary_supply_return_temperature,난방 회로|급탕|급탕 저장탱크|1차측 열량계|1차측 공급/환수온도,15,200,21,0,1,1,1,1,1
20,가재마을10단지제일풍경채에듀파크아파트,A33980015,3611011100,18324793,3,종촌동,가재마을,세종특별자치시 도움1로 74,세종특별자치시 종촌동 656,36.50232147,127.25192962,지역난방,아파트,가재마을10단지 제일풍경채에듀파크 (A33980015),436,9,73053,41466.7832,"{""60㎡ 이하"": ""0"", ""60㎡ ~ 85㎡ 이하"": ""247"", ""85㎡ ~ 135㎡ 이하"": ""189"", ""135㎡ 초과"": ""0""}",2026,05,5,468483000,64535000,1556.00,838640000,139563000,3365.00,1923486.24,virtual_by_substation_id,가상 매핑: 세종 아파트와 PreDist 설비의 실제 물리 연결은 검증되지 않음.,manufacturer 1,substation_20.csv,../HeatGrid_Agent/best/data/raw_data/predist_v2/manufacturer 1/operational_data/substation_20.csv,SH + DHW with sub-circuits,난방 + 급탕 + 보조회로,outdoor_weather|space_heating_loop|domestic_hot_water|domestic_hot_water_storage,외기온|난방 회로|급탕|급탕 저장탱크,15,200,22,1,1,1,1,0,0
21,가재마을11단지한신휴플러스아파트,A33980005,3611011100,16034532,3,종촌동,가재마을,세종특별자치시 도움3로 75,세종특별자치시 종촌동 654,36.5033492,127.25343763,지역난방,아파트,가재마을11단지 (A33980005),696,10,92622,49000.735,"{""60㎡ 이하"": ""400"", ""60㎡ ~ 85㎡ 이하"": ""296"", ""85㎡ ~ 135㎡ 이하"": ""0"", ""135㎡ 초과"": ""0""}",2026,05,5,569692000,84333000,1721.00,1068590000,182920000,3733.00,1535330.46,virtual_by_substation_id,가상 매핑: 세종 아파트와 PreDist 설비의 실제 물리 연결은 검증되지 않음.,manufacturer 1,substation_21.csv,../HeatGrid_Agent/best/data/raw_data/predist_v2/manufacturer 1/operational_data/substation_21.csv,SH + DHW,난방 + 급탕,outdoor_weather|space_heating_loop|domestic_hot_water|domestic_hot_water_storage,외기온|난방 회로|급탕|급탕 저장탱크,10,200,17,1,1,1,1,0,0
22,가재마을12단지중흥S클래스센텀파크2차아파트,A10028197,3611011100,18410730,3,종촌동,가재마을,세종특별자치시 달빛로 80,세종특별자치시 종촌동 652,36.50582666,127.25164517,지역난방,아파트,가재마을12단지아파트 (A10028197),1371,21,221165,119878.0797,"{""60㎡ 이하"": ""0"", ""60㎡ ~ 85㎡ 이하"": ""1217"", ""85㎡ ~ 135㎡ 이하"": ""154"", ""135㎡ 초과"": ""0""}",2026,05,5,1429745000,205588000,1715.00,2169752000,353334000,2948.00,1582605.40,virtual_by_substation_id,가상 매핑: 세종 아파트와 PreDist 설비의 실제 물리 연결은 검증되지 않음.,manufacturer 1,substation_22.csv,../HeatGrid_Agent/best/data/raw_data/predist_v2/manufacturer 1/operational_data/substation_22.csv,SH + DHW,난방 + 급탕,outdoor_weather|space_heating_loop|domestic_hot_water|domestic_hot_water_storage,외기온|난방 회로|급탕|급탕 저장탱크,12,200,19,1,1,1,1,0,0
23,가재마을1단지아파트,A10027294,3611011100,184883271,3,종촌동,가재마을,세종특별자치시 도움1로 145,세종특별자치시 종촌동 686,36.50098908,127.2425984,지역난방,아파트,가재마을1단지아파트 (A10027294),1684,9,132545,60689.04,"{""60㎡ 이하"": ""1684"", ""60㎡ ~ 85㎡ 이하"": ""0"", ""85㎡ ~ 135㎡ 이하"": ""0"", ""135㎡ 초과"": ""0""}",2026,05,5,641792000,86418000,1424.00,1065043000,172505000,2842.00,632448.34,virtual_by_substation_id,가상 매핑: 세종 아파트와 PreDist 설비의 실제 물리 연결은 검증되지 않음.,manufacturer 1,substation_23.csv,../HeatGrid_Agent/best/data/raw_data/predist_v2/manufacturer 1/operational_data/substation_23.csv,SH + DHW with sub-circuits,난방 + 급탕 + 보조회로,outdoor_weather|space_heating_loop|domestic_hot_water|domestic_hot_water_storage,외기온|난방 회로|급탕|급탕 저장탱크,17,200,24,1,1,1,1,0,0
24,가재마을3단지중흥S클래스에듀타운아파트,A10028185,3611011100,18324792,3,종촌동,가재마을,세종특별자치시 도움3로 159,세종특별자치시 종촌동 679,36.50416376,127.2430827,지역난방,아파트,가재마을3단지아파트 (A10028185),559,10,98930,56001.99,"{""60㎡ 이하"": ""0"", ""60㎡ ~ 85㎡ 이하"": ""200"", ""85㎡ ~ 135㎡ 이하"": ""359"", ""135㎡ 초과"": ""0""}",2026,05,5,608994000,86956000,1553.00,1038587000,172944000,3089.00,1857937.39,virtual_by_substation_id,가상 매핑: 세종 아파트와 PreDist 설비의 실제 물리 연결은 검증되지 않음.,manufacturer 1,substation_24.csv,../HeatGrid_Agent/best/data/raw_data/predist_v2/manufacturer 1/operational_data/substation_24.csv,SH + DHW with sub-circuits,난방 + 급탕 + 보조회로,outdoor_weather|space_heating_loop,외기온|난방 회로,13,200,20,1,1,0,0,0,0
25,가재마을4단지세종센트레빌아파트,A10027905,3611011100,20671225,3,종촌동,가재마을,세종특별자치시 도움3로 160,세종특별자치시 종촌동 640,36.5069005,127.24400326,지역난방,아파트,가재마을4단지아파트 (A10027905),1623,19,228078,129072.17,"{""60㎡ 이하"": ""0"", ""60㎡ ~ 85㎡ 이하"": ""1623"", ""85㎡ ~ 135㎡ 이하"": ""0"", ""135㎡ 초과"": ""0""}",2026,05,5,1427161000,210354000,1630.00,2289688000,384238000,2978.00,1410775.11,virtual_by_substation_id,가상 매핑: 세종 아파트와 PreDist 설비의 실제 물리 연결은 검증되지 않음.,manufacturer 1,substation_25.csv,../HeatGrid_Agent/best/data/raw_data/predist_v2/manufacturer 1/operational_data/substation_25.csv,SH + DHW,난방 + 급탕,outdoor_weather|space_heating_loop,외기온|난방 회로,4,200,11,1,1,0,0,0,0
26,범지기마을10단지아파트,A33982109,3611011300,14757941,2,아름동,범지기마을,세종특별자치시 달빛로 211,세종특별자치시 아름동 1277,36.51706763,127.24994552,지역난방,아파트,범지기마을10단지 (A33982109),1970,23,297996,166783.1798,"{""60㎡ 이하"": ""0"", ""60㎡ ~ 85㎡ 이하"": ""1784"", ""85㎡ ~ 135㎡ 이하"": ""186"", ""135㎡ 초과"": ""0""}",2026,05,5,2049870000,286649000,1719.00,3089813000,494450000,2965.00,1568432.99,virtual_by_substation_id,가상 매핑: 세종 아파트와 PreDist 설비의 실제 물리 연결은 검증되지 않음.,manufacturer 1,substation_26.csv,../HeatGrid_Agent/best/data/raw_data/predist_v2/manufacturer 1/operational_data/substation_26.csv,SH + DHW with sub-circuits,난방 + 급탕 + 보조회로,outdoor_weather|space_heating_loop|domestic_hot_water|domestic_hot_water_storage|primary_heat_meter|primary_supply_return_temperature,외기온|난방 회로|급탕|급탕 저장탱크|1차측 열량계|1차측 공급/환수온도,21,200,22,1,1,1,1,1,1
27,범지기마을11단지영무예다음아파트,A33980030,3611011300,18294800,2,아름동,범지기마을,세종특별자치시 보듬3로 73,세종특별자치시 아름동 1363,36.51047298,127.25123601,지역난방,아파트,범지기마을11단지아파트 (A33980030),587,9,92929,49884.2472,"{""60㎡ 이하"": ""0"", ""60㎡ ~ 85㎡ 이하"": ""587"", ""85㎡ ~ 135㎡ 이하"": ""0"", ""135㎡ 초과"": ""0""}",2026,05,5,568308000,80897000,1622.00,990111000,166340000,3335.00,1686730.83,virtual_by_substation_id,가상 매핑: 세종 아파트와 PreDist 설비의 실제 물리 연결은 검증되지 않음.,manufacturer 1,substation_27.csv,../HeatGrid_Agent/best/data/raw_data/predist_v2/manufacturer 1/operational_data/substation_27.csv,SH + DHW,난방 + 급탕,outdoor_weather|space_heating_loop|domestic_hot_water|domestic_hot_water_storage|primary_heat_meter|primary_supply_return_temperature,외기온|난방 회로|급탕|급탕 저장탱크|1차측 열량계|1차측 공급/환수온도,15,200,16,1,1,1,1,1,1
28,범지기마을12단지중흥S클래스에듀타운아파트,A10028155,3611011300,18324790,2,아름동,범지기마을,세종특별자치시 보듬3로 74,세종특별자치시 아름동 1276,36.5128204,127.25127708,지역난방,아파트,범지기마을12단지(중흥S-에코타운) (A10028155),452,8,75536,41472.048,"{""60㎡ 이하"": ""0"", ""60㎡ ~ 85㎡ 이하"": ""176"", ""85㎡ ~ 135㎡ 이하"": ""276"", ""135㎡ 초과"": ""0""}",2026,05,5,464698000,69216000,1669.00,790872000,133613000,3221.00,1749716.81,virtual_by_substation_id,가상 매핑: 세종 아파트와 PreDist 설비의 실제 물리 연결은 검증되지 않음.,manufacturer 1,substation_28.csv,../HeatGrid_Agent/best/data/raw_data/predist_v2/manufacturer 1/operational_data/substation_28.csv,SH + DHW,난방 + 급탕,outdoor_weather|space_heating_loop|primary_heat_meter|primary_supply_return_temperature,외기온|난방 회로|1차측 열량계|1차측 공급/환수온도,11,200,12,1,1,0,0,1,1
29,범지기마을7단지호반베르디움아파트,A33980032,3611011300,17727379,2,아름동,범지기마을,세종특별자치시 달빛1로 158,세종특별자치시 아름동 1284,36.51392748,127.24673477,지역난방,아파트,범지기마을7단지 (A33980032),470,9,75719,39864.217,"{""60㎡ 이하"": ""0"", ""60㎡ ~ 85㎡ 이하"": ""470"", ""85㎡ ~ 135㎡ 이하"": ""0"", ""135㎡ 초과"": ""0""}",2026,05,5,491020000,69770000,1750.00,812506000,134260000,3368.00,1728736.17,virtual_by_substation_id,가상 매핑: 세종 아파트와 PreDist 설비의 실제 물리 연결은 검증되지 않음.,manufacturer 1,substation_29.csv,../HeatGrid_Agent/best/data/raw_data/predist_v2/manufacturer 1/operational_data/substation_29.csv,SH + DHW with sub-circuits,난방 + 급탕 + 보조회로,outdoor_weather|space_heating_loop|domestic_hot_water|domestic_hot_water_storage|primary_heat_meter|primary_supply_return_temperature,외기온|난방 회로|급탕|급탕 저장탱크|1차측 열량계|1차측 공급/환수온도,23,200,25,1,1,1,1,1,1
30,범지기마을9단지한신휴플러스리버파크아파트,A10028118,3611011300,19125464,2,아름동,범지기마을,세종특별자치시 달빛1로 206,세종특별자치시 아름동 1282,36.51663761,127.24656363,지역난방,아파트,범지기마을9단지 (A10028118),687,9,113864,64502.4423,"{""60㎡ 이하"": ""0"", ""60㎡ ~ 85㎡ 이하"": ""279"", ""85㎡ ~ 135㎡ 이하"": ""408"", ""135㎡ 초과"": ""0""}",2026,05,5,746208000,100673000,1561.00,1247905000,200475000,3108.00,1816455.60,virtual_by_substation_id,가상 매핑: 세종 아파트와 PreDist 설비의 실제 물리 연결은 검증되지 않음.,manufacturer 1,substation_30.csv,../HeatGrid_Agent/best/data/raw_data/predist_v2/manufacturer 1/operational_data/substation_30.csv,SH + DHW,난방 + 급탕,outdoor_weather|space_heating_loop|domestic_hot_water|domestic_hot_water_storage|primary_heat_meter|primary_supply_return_temperature,외기온|난방 회로|급탕|급탕 저장탱크|1차측 열량계|1차측 공급/환수온도,17,200,18,1,1,1,1,1,1
31,범지기마을4단지세종한양수자인에듀시티아파트,A33980014,3611011300,17600387,2,아름동,범지기마을,세종특별자치시 달빛로 109,세종특별자치시 아름동 1356,36.50876198,127.24851227,지역난방,아파트,범지기마을 4단지(한양수자인 에듀시티) (A33980014),520,8,58015,44125.536,"{""60㎡ 이하"": ""0"", ""60㎡ ~ 85㎡ 이하"": ""520"", ""85㎡ ~ 135㎡ 이하"": ""0"", ""135㎡ 초과"": ""0""}",2026,05,5,563417000,77942000,1766.00,935410000,149152000,3379.00,1798865.38,virtual_by_substation_id,가상 매핑: 세종 아파트와 PreDist 설비의 실제 물리 연결은 검증되지 않음.,manufacturer 1,substation_31.csv,../HeatGrid_Agent/best/data/raw_data/predist_v2/manufacturer 1/operational_data/substation_31.csv,SH + DHW,난방 + 급탕,space_heating_loop|domestic_hot_water|domestic_hot_water_storage|primary_heat_meter|primary_supply_return_temperature,난방 회로|급탕|급탕 저장탱크|1차측 열량계|1차측 공급/환수온도,14,200,16,0,1,1,1,1,1
